{
  "Abdominal Discomfort": 0.012822183070304985,
  "Abdominal Enlargement": 0.0027055421337269735,
  "Abdominal Pain": 0.019447267666284438,
  "Abnormal Breeding Behavior": 0.004461510025301506,
  "Abnormal Posture": 0.004053073703069355,
  "Abscesses": 0.0034384507528032794,
  "Aggression": 0.004771597549939442,
  "Anemia": 0.017310322400657528,
  "Anxiety": 0.004000945307070582,
  "Arched Back": 0.007080099886927106,
  "Back Pain": 0.0013865753946172075,
  "Back Stiffness": 0.009516398566002351,
  "Bad Breath": 0.015310263589098008,
  "Behavioral Changes": 0.011001660791019881,
  "Bleeding": 0.017332907594230694,
  "Bleeding Gums": 0.010296885187035863,
  "Blindness": 0.0020699863627031546,
  "Bloating": 0.00782633399187745,
  "Blood in Urine": 0.00486685873226877,
  "Bluish Gums": 0.002727410220415981,
  "Breathing Difficulty": 0.015118843043726817,
  "Bruising": 0.0076193026118927505,
  "Bunny Hopping": 0.007532831060232176,
  "Cataracts": 0.006977818650172915,
  "Circling": 0.0019991765626933902,
  "Collapse": 0.0034538497352336263,
  "Confusion": 0.004915093473431828,
  "Confusion Post-Seizure": 0.010044961818206204,
  "Coordination Issues": 0.0015997147876990248,
  "Coughing": 0.020634283236391004,
  "Dandruff": 0.007418491398325081,
  "Dark Stool": 0.008255409894241575,
  "Dark Urine": 0.003058404878021697,
  "Decreased Appetite": 0.018291917579344574,
  "Dehydration": 0.014912251881657498,
  "Depression": 0.016916641674195387,
  "Diarrhea": 0.012958720084637516,
  "Difficulty Breathing": 0.01587822723810559,
  "Difficulty Chewing": 0.007185930652592789,
  "Difficulty Eating": 0.0022442477835495256,
  "Difficulty Moving": 0.005712015567862297,
  "Difficulty Moving Elbow": 0.007379571117935217,
  "Difficulty Opening Mouth": 0.002451570892409849,
  "Difficulty Rising": 0.005521799746807269,
  "Difficulty Running": 0.011094502818974674,
  "Difficulty Standing": 0.014483596261429558,
  "Difficulty Swallowing": 0.003996042048398727,
  "Difficulty Urinating": 0.0018708239577542587,
  "Difficulty Walking": 0.008560352790928802,
  "Discolored Teeth": 0.00633488355155191,
  "Disorientation": 0.005699805194301598,
  "Distended Abdomen": 0.019445161848935525,
  "Draining Wounds": 0.0031488301127531003,
  "Drooling": 0.006202530760455552,
  "Dropping Food": 0.004789391580670855,
  "Dull Coat": 0.008072714937049153,
  "Ear Discharge": 0.005695595575219269,
  "Ear Odor": 0.006442036753901912,
  "Ear Scratching": 0.002514062727405455,
  "Edema (Swelling)": 0.00430231984429251,
  "Enlarged Jaw": 0.002454538280936158,
  "Enlarged Lymph Nodes": 0.010031066660574892,
  "Enlarged Testicles": 0.0019008836846090109,
  "Excessive Bleeding": 0.0019893033830612997,
  "Excessive Bleeding from Minor Wounds": 0.007084955280160817,
  "Excessive Crying": 0.0023586727678334266,
  "Excessive Drooling": 0.00817322682228292,
  "Excessive Scratching": 0.007520791044426209,
  "Exercise Intolerance": 0.006378562313986088,
  "Eye Discharge": 0.007611291551696713,
  "Eye Inflammation": 0.0031720999296278745,
  "Facial Abnormalities": 0.0016117950773939561,
  "Facial Swelling": 0.006192592794458044,
  "Fainting": 0.0016188013243847736,
  "Falling Over": 0.0007471092686909729,
  "Fatigue": 0.003965046523662095,
  "Fearfulness": 0.002376066701440434,
  "Fever": 0.01401165564062896,
  "Flea Dirt": 0.013162393577177424,
  "Fleas": 0.010932073469076186,
  "Foamy Urine": 0.0,
  "Foot Dragging": 0.0019438278411830433,
  "Forelimb Lameness": 0.00648073211844844,
  "Frequent Urination": 0.0016561754189678187,
  "Gagging": 0.004286570095741461,
  "Hair Loss": 0.007078882443202282,
  "Head Shaking": 0.0027114259683183265,
  "Head Tilt": 0.0017581534885627145,
  "Head Tremors": 0.0012511695806015327,
  "Hind Limb Atrophy": 0.0006276598397873838,
  "Hindlimb Lameness": 0.009180791234995402,
  "Hip Pain": 0.002066982484010353,
  "Hoarse Bark": 0.0019876439501795577,
  "Hunched Back": 0.0021934767681260773,
  "Hypothermia": 0.001531175144716018,
  "Incontinence": 0.0012159439347041716,
  "Increased Appetite": 0.009367629954933447,
  "Increased Thirst": 0.007787429538640505,
  "Increased Urination": 0.007622780254849686,
  "Inflamed Gums": 0.004617441185522561,
  "Inflammation": 0.0008243490177540202,
  "Intermittent Lameness": 0.0071217341815536924,
  "Intermittent Limping": 0.011811101189086565,
  "Irritability": 0.003420104391766119,
  "Itching": 0.007192470733768062,
  "Jaundice": 0.00403412501697644,
  "Jaw Pain": 0.00214793029324738,
  "Joint Pain": 0.001730633523170496,
  "Joint Swelling": 0.009643907198804825,
  "Lameness": 0.007146705460038002,
  "Lethargy": 0.011141244027452936,
  "Light Sensitivity": 0.0006569743974014083,
  "Limb Swelling": 0.0015879919375888893,
  "Loose Teeth": 0.0036696171098733426,
  "Loss of Appetite": 0.009701390265269625,
  "Loss of Consciousness": 0.003091071756091303,
  "Loss of Coordination": 0.004348509414242782,
  "Loss of Muscle Mass": 0.006138154737616853,
  "Loss of Reflexes": 0.002538485400542525,
  "Mouth Ulcers": 0.005645473801012701,
  "Muscle Atrophy": 0.0005500169539956675,
  "Muscle Pain": 0.0063783951111710275,
  "Muscle Paralysis": 0.0034830048354600263,
  "Muscle Swelling": 0.0004624271422357411,
  "Muscle Twitching": 0.005586201729842464,
  "Muscle Weakness": 0.0022053017918239885,
  "Nasal Discharge": 0.003773362313386604,
  "Nausea": 0.0043288913274057835,
  "Neck Pain": 0.005709476188445496,
  "Neurological Signs": 0.0008409200865027212,
  "Noisy Breathing": 0.00313892131002215,
  "Nosebleeds": 0.003184364258382667,
  "Oral Pain": 0.0020671440324987614,
  "Pain": 0.005509837448888604,
  "Pain in Lower Back": 0.0004796381016903978,
  "Pale Gums": 0.003846965928611041,
  "Panting": 0.000898974350124214,
  "Paralysis": 0.003959921795847294,
  "Pawing at Face": 0.0035583369532627305,
  "Petechiae": 0.003162468974541972,
  "Petechiae on Skin": 0.0009985867588995375,
  "Poor Growth": 0.005447614866838997,
  "Pot-Belly": 0.007842380959752824,
  "Prolonged Bleeding After Surgery or Injury": 0.0026357184217026693,
  "Proteinuria (Foamy Urine)": 0.0011033490362515233,
  "Rapid Breathing": 0.002830939245684949,
  "Rapid Heart Rate": 0.000818422178275296,
  "Recurrent Infections": 0.0024458957859227843,
  "Red Gums": 0.006340554143857129,
  "Redness": 0.003995149608422968,
  "Reduced Activity": 0.002406750085064073,
  "Reduced Appetite": 0.0024068884719807507,
  "Reduced Flexibility": 0.0025216776672247056,
  "Reluctance to Chew": 0.002111189797574292,
  "Reluctance to Jump": 0.0033635919398735544,
  "Reluctance to Move": 0.004268624643775415,
  "Restlessness": 0.0036869575544795715,
  "Retching": 0.0012340664295359286,
  "Scooting": 0.006194153821386389,
  "Scratching at Air": 0.0013417826640972116,
  "Scratching at Neck": 0.0009513265317007785,
  "Seizures": 0.002140203712028468,
  "Sensitivity to Touch": 0.0008575748778737562,
  "Sensory Deficits": 0.00043464620886506474,
  "Shifting Leg Lameness": 0.003516079375124343,
  "Shivering": 0.004684664151939609,
  "Skin Infections": 0.0009066393790234674,
  "Skin Inflammation": 0.0025696175526821155,
  "Skin Irritation": 0.0018724644558971077,
  "Skin Scaling": 0.0046185587356305305,
  "Skin Thickening": 0.004057953796639377,
  "Skipping Gait": 0.005444246411851629,
  "Sneezing": 0.003093517194684127,
  "Sores": 0.004968368098279188,
  "Sound Sensitivity": 0.0011449156068322765,
  "Spontaneous Bleeding": 0.00040348892215926206,
  "Staggering": 0.001195207006677128,
  "Stiffness": 0.0027383239321745368,
  "Stunted Growth": 0.002451018795259185,
  "Sudden Carrying of Leg": 0.0027251083169496184,
  "Sunken Eyes": 0.0013213972462772173,
  "Swelling": 0.000893678404146105,
  "Swelling (Edema) in Limbs or Abdomen": 0.0,
  "Swelling Below Eye": 0.00094194262237712,
  "Swelling at Infection Site": 0.0004582554086039333,
  "Swollen Gums": 0.004652296598140015,
  "Swollen Joints": 0.0027467338490195876,
  "Swollen Lymph Nodes": 0.001312246337489883,
  "Tail Paralysis": 0.0008372815625171465,