{
  "Collapse": 0.10871712320950519,
  "Confusion": 1.725448854775635e-05,
  "Drooling": 0.0029215578171160354,
  "Falling Over": 0.0001383426316204384,
  "Head tremors": 0.14366411630337741,
  "Seizures": 0.35932203236861743,
  "Stiffness": 0.06779376020856165,
  "Uncoordinated movement": 0.17508627451892517,
  "Wobbling": 0.1423395384537289
}