{
  "Abdominal Pain": 0.07357132916199657,
  "Bad Odor": 0.04026560169235917,
  "Coughing": 0.029337233907073313,
  "Diarrhea": 0.031656259248676454,
  "Draining wounds": 0.01039302721339046,
  "Eye discharge": 0.037257767920972504,
  "Fever": 0.06314571715202857,
  "Foul odor from wound": 0.03813483226488661,
  "Frequent urination": 0.033082498508351106,
  "Jaundice": 0.07046271780933358,
  "Lethargy": 0.010566779190189127,
  "Loss of appetite": 0.030471923236788028,
  "Mucus in stool": 0.06361082293808121,
  "Nasal discharge": 0.032091715980003835,
  "Pain": 0.017618047967191002,
  "Pain when touched": 0.02993436489745031,
  "Pus or discharge": 0.052917716984406206,
  "Skin lumps": 0.015889525755439084,
  "Skin wounds": 0.020662501330041903,
  "Sneezing": 0.05232573918488091,
  "Swelling": 0.029658176641103925,
  "Swollen joints": 0.0893485589130715,
  "Vomiting": 0.057257533231769325,
  "Weakness": 0.058538615637856305,
  "Weight loss": 0.011800993232658855
}