{
  "Bad Breath": 0.03539346735155474,
  "Bleeding gums": 0.030906464407476325,
  "Chattering jaw": 0.05446516940576359,
  "Difficulty eating": 0.10116105034637915,
  "Drooling": 0.007592206315726367,
  "Dropping food": 0.09888713169500793,
  "Gum recession": 0.05248329481594225,
  "Loose teeth": 0.1002392112870059,
  "Mouth pain": 0.07524680637928806,
  "Painful chewing": 0.09544533375740713,
  "Pawing at mouth": 0.04207565138685871,
  "Red gums": 0.1228597396561347,
  "Swelling face": 0.08068027875775334,
  "Swollen gums": 0.1025641944377018
}