{
  "Difficulty jumping": 0.035524403316840016,
  "Difficulty moving": 0.16240633145967065,
  "Irritability": 0.12245203717605158,
  "Less grooming": 0.11303428607542904,
  "Limping": 0.0016416238220780927,
  "Pain when touched": 0.17502002962388644,
  "Reluctance to move": 0.06719914071243886,
  "Skipping Gait": 0.1651999719844242,
  "Stiffness": 0.147303762658539,
  "Sudden leg stretching": 0.010218413170642138
}