{
  "Bloating": 0.04622648360691883,
  "Breathing difficulty": 0.03842186703966103,
  "Coughing": 0.019260777553429906,
  "Dehydration": 0.036647323187456185,
  "Diarrhea": 0.05855074525275436,
  "Difficulty breathing": 0.09185728196496916,
  "Dull coat": 0.02377855888541356,
  "Eye discharge": 0.017162870000571984,
  "Fever": 0.036214297831400025,
  "Gas": 0.07186349141364379,
  "Hair loss": 0.010909091737344605,
  "Increased appetite": 0.030243388318306332,
  "Itching": 0.015889138121637256,
  "Lethargy": 0.03478344650356112,
  "Loss of appetite": 0.016703386304535956,
  "Nosebleeds": 0.010182992618196844,
  "Pale gums": 0.07867357317399482,
  "Poor coat": 0.009233197118796754,
  "Scabs": 0.011524564329698938,
  "Scooting": 0.0655427663642223,
  "Segments in stool": 0.05146656904765402,
  "Skin redness": 0.00635848830174519,
  "Soft stool": 0.029610240586696947,
  "Swollen lymph nodes": 0.011529328816678468,
  "Thickened skin": 0.0060568471347024165,
  "Vomiting": 0.03827398093141393,
  "Weakness": 0.017587885290627048,
  "Weight loss": 0.059157992351086715,
  "Worms in stool": 0.056289426212881674
}