{
  "Breathing difficulty": 0.34355902954596473,
  "Coughing": 0.009452102949519352,
  "Lethargy": 1.014438918500895e-09,
  "Loss of appetite": 1.0214945411304911e-07,
  "Panting": 0.01229405436774246,
  "Rapid breathing": 0.2452980694788168,
  "Sudden collapse": 0.0375814814636603,
  "Swollen belly": 0.11003795900970165,
  "Weakness": 0.24177720002070172
}