{
  "Aggression": 0.028010599543842947,
  "Dehydration": 0.032806755686556145,
  "Diarrhea": 0.08012488953073041,
  "Difficulty swallowing": 0.02627869770512442,
  "Disorientation": 0.016391606020269563,
  "Drooling": 0.14169212819257035,
  "Excessive drooling": 0.011337876600045033,
  "Eye discharge": 0.0376599894170242,
  "Eye redness": 0.04146503419248117,
  "Fever": 0.02054222616733504,
  "Hiding": 0.0003434982771087733,
  "Lethargy": 0.005678037791146875,
  "Limping": 0.0454269116227067,
  "Loss of appetite": 0.01030856118419796,
  "Mouth ulcers": 0.15125777563278373,
  "Nasal discharge": 0.06553989541132907,
  "Paralysis": 0.003752767266408561,
  "Seizures": 0.003687190426325589,
  "Sneezing": 0.08046865927868797,
  "Squinting": 0.060062185083845476,
  "Sudden behavior changes": 0.03367627542005356,
  "Unsteadiness": 0.013033638224095015,
  "Vomiting": 0.06927206420159844,
  "Weight loss": 0.02118273712373294
}