{
  "Blood in Urine": 0.02861828309696059,
  "Bluish Gums": 0.03823361589681967,
  "Bruising": 0.021259550038145062,
  "Collapse": 0.04958739345564418,
  "Coughing": 0.05394214411104873,
  "Dark Urine": 0.04293093770316797,
  "Difficulty Breathing": 0.02127281987122012,
  "Distended Abdomen": 0.16985827421670532,
  "Excessive Bleeding": 0.034245805990548904,
  "Exercise Intolerance": 0.030336732731304186,
  "Fainting": 0.05476934605278782,
  "Fatigue": 0.008883106724819501,
  "Jaundice": 0.01285842284497463,
  "Lethargy": 0.027818224686427678,
  "Nosebleeds": 0.013251041659851324,
  "Pale Gums": 0.027083490353618393,
  "Petechiae": 0.04025213279227264,
  "Rapid Breathing": 0.018838349190947325,
  "Rapid Heart Rate": 0.009498097333473114,
  "Stunted Growth": 0.09831794528365409,
  "Weakness": 0.06911253641541759,
  "Weight Loss": 0.12903174955019142
}