{
  "Bad Breath": 0.010738045303759186,
  "Bleeding Gums": 0.055019436892224584,
  "Decreased Appetite": 0.06899718942044089,
  "Discolored Teeth": 0.015900611167173343,
  "Drooling": 0.04617870316828397,
  "Dropping Food": 0.009699776774529415,
  "Excessive Drooling": 0.011622353929495835,
  "Facial Swelling": 0.057339169111340085,
  "Inflamed Gums": 0.181063941523702,
  "Loose Teeth": 0.135455023134901,
  "Nasal Discharge": 0.0018399055084829632,
  "Oral Pain": 0.17247620958232887,
  "Pawing at Face": 0.02424834468810094,
  "Red Gums": 0.014936738623645716,
  "Reduced Appetite": 0.006191175818063685,
  "Reluctance to Chew": 0.03519081067665773,
  "Swelling Below Eye": 0.03013746774324235,
  "Swollen Gums": 0.08094470851876975,
  "Weight Loss": 0.04202038841485768
}