{
  "Abdominal Pain": 0.03423256342442937,
  "Abnormal Breeding Behavior": 0.019307489119601264,
  "Abscesses": 0.01398520196094846,
  "Back Pain": 0.024347006543921194,
  "Bad Breath": 0.03900996908384121,
  "Bleeding": 0.016361689807702688,
  "Bloating": 0.04019502803856365,
  "Breathing Difficulty": 0.01987465927912997,
  "Coughing": 0.048285048768690574,
  "Decreased Appetite": 0.02147704400655771,
  "Dehydration": 0.004891357467063115,
  "Depression": 0.020479078843146974,
  "Diarrhea": 0.04296998579419369,
  "Difficulty Breathing": 0.03025816235548308,
  "Difficulty Eating": 0.009599874557026282,
  "Difficulty Walking": 0.019343236578077256,
  "Draining Wounds": 0.05122682274167561,
  "Enlarged Lymph Nodes": 0.011629015304896717,
  "Enlarged Testicles": 0.018905262892662002,
  "Eye Discharge": 0.034835275679065664,
  "Facial Swelling": 0.026545716167867488,
  "Fever": 0.04956823707629586,
  "Increased Thirst": 0.029586620659108557,
  "Increased Urination": 0.010863620002706026,
  "Jaundice": 0.006678168321550413,
  "Joint Pain": 0.03063190520232265,
  "Lameness": 0.02165662616268137,
  "Lethargy": 0.004106250150609119,
  "Loss of Appetite": 0.0353876109485711,
  "Muscle Pain": 0.014953119215351921,
  "Nasal Discharge": 0.03193116099446898,
  "Nosebleeds": 0.03522585105497066,
  "Shivering": 0.016625698613135634,
  "Swelling at Infection Site": 0.023524431484381478,
  "Swollen Joints": 0.02980314224515851,
  "Swollen Lymph Nodes": 0.025694007521893478,
  "Vaginal Discharge": 0.026102058302013696,
  "Vomiting": 0.031879629183793896,
  "Weakness": 0.02100117189083473,
  "Weight Loss": 0.007021202555608016
}