{
  "Abdominal Pain": 0.03487593424729411,
  "Bad Breath": 0.0034895310116060023,
  "Blood in Urine": 0.08593639048887315,
  "Decreased Appetite": 0.004992625723688715,
  "Diarrhea": 0.14007882173437564,
  "Difficulty Urinating": 0.1919923518978421,
  "Edema (Swelling)": 0.062427975938525955,
  "Frequent Urination": 0.014548217085244815,
  "Increased Thirst": 0.053355040578731215,
  "Increased Urination": 0.046470325360464616,
  "Lethargy": 0.004481545563547557,
  "Mouth Ulcers": 0.09413788939427495,
  "Nausea": 0.07870876632952524,
  "Proteinuria (Foamy Urine)": 0.1207682162390386,
  "Vomiting": 0.044695827968479776,
  "Weight Loss": 0.019040540438487623
}