{
  "Behavioral Changes": 0.04697460850124332,
  "Blindness": 0.019806756710055284,
  "Circling": 0.017240292479489376,
  "Confusion Post-Seizure": 0.012913154916207339,
  "Coordination Issues": 0.027987344504077902,
  "Difficulty Breathing": 0.030943651206729775,
  "Difficulty Rising": 0.015650275540668012,
  "Difficulty Walking": 0.024475067089738192,
  "Disorientation": 0.01708789465197763,
  "Drooling": 0.007543740715284819,
  "Facial Abnormalities": 0.02346264377762084,
  "Falling Over": 0.026066292788613603,
  "Foot Dragging": 0.05918356359819331,
  "Head Shaking": 0.03402350816605374,
  "Head Tilt": 0.028776716197510814,
  "Head Tremors": 0.012639130152741476,
  "Hind Limb Atrophy": 0.006503401733022777,
  "Hunched Back": 0.024819126031167826,
  "Incontinence": 0.009350222159742785,
  "Lameness": 0.023467234840732043,
  "Lethargy": 0.01693919530255511,
  "Loss of Appetite": 0.014380516842239555,
  "Loss of Consciousness": 0.034519546457875326,
  "Loss of Coordination": 0.01231722288739253,
  "Loss of Reflexes": 0.011636818767224612,
  "Muscle Atrophy": 0.0027986352692261434,
  "Muscle Twitching": 0.026844094796322916,
  "Neck Pain": 0.03855107208930157,
  "Pain": 0.012532266644249866,
  "Pain in Lower Back": 0.011778377346248802,
  "Paralysis": 0.02536852604292845,
  "Scratching at Air": 0.019538833834779213,
  "Scratching at Neck": 0.03449409842801262,
  "Seizures": 0.03147361942721405,
  "Sensitivity to Touch": 0.016704036204773218,
  "Sensory Deficits": 0.02761078744338445,
  "Stiffness": 0.003286011679851786,
  "Tail Paralysis": 0.037945605814151594,
  "Tremors": 0.0114155052675204,
  "Unsteadiness": 0.035186086148121146,
  "Unsteady Gait": 0.03693318586363479,
  "Unusual Eye Movements": 0.010374905188857636,
  "Voice Changes": 0.016277572163143798,
  "Weakness": 0.01066435445837839,
  "Wide-Legged Stance": 0.005322237568905007,
  "Wobbling": 0.005173547150231563,
  "Wobbly Gait": 0.015749663917290522,
  "Worn Toenails": 0.005269051235314031
}