{
  "Abdominal Discomfort": 0.013942007078339709,
  "Anemia": 0.03541763448716244,
  "Breathing Difficulty": 0.017510387749271432,
  "Coughing": 0.0421377003850588,
  "Dandruff": 0.03034174313132211,
  "Dark Stool": 0.01672140028863822,
  "Dark Urine": 0.010429732978058258,
  "Dehydration": 0.026630465206291823,
  "Diarrhea": 0.018943176522922534,
  "Difficulty Standing": 0.0018465942878701503,
  "Difficulty Walking": 0.002499202266895311,
  "Dull Coat": 0.012192604539920764,
  "Ear Discharge": 0.01630980689083768,
  "Ear Odor": 0.025180476782612135,
  "Ear Scratching": 0.007180485752030702,
  "Excessive Scratching": 0.014057022182785333,
  "Exercise Intolerance": 0.024054752822708796,
  "Fatigue": 0.01911441592640328,
  "Fever": 0.011412448998029628,
  "Flea Dirt": 0.0416522273665817,
  "Fleas": 0.029275673834910337,
  "Hair Loss": 0.008346725778625804,
  "Head Shaking": 0.012509296982868958,
  "Increased Appetite": 0.031286974055389626,
  "Inflammation": 0.003980749540141173,
  "Itching": 0.019830486349818755,
  "Jaundice": 0.009806217753572734,
  "Joint Swelling": 0.005130834714479106,
  "Lameness": 0.006892716204108864,
  "Lethargy": 0.011308782601427451,
  "Loss of Appetite": 0.01526402383189514,
  "Muscle Weakness": 0.0008258153093622829,
  "Neurological Signs": 0.006228975205277293,
  "Osteoarthritis": 0.0013314913164735286,
  "Pain": 0.0031020134147263594,
  "Pale Gums": 0.015448548907967556,
  "Paralysis": 0.03584120075269018,
  "Poor Growth": 0.03537677585234791,
  "Pot-Belly": 0.02241370452569336,
  "Redness": 0.00776693679859531,
  "Reduced Activity": 0.0032037204580623382,
  "Restlessness": 0.024919295835633883,
  "Scooting": 0.028369098005753046,
  "Skin Inflammation": 0.02328969981396128,
  "Skin Irritation": 0.023785752961196897,
  "Skin Scaling": 0.02316390873813992,
  "Skin Thickening": 0.06368533327109904,
  "Sores": 0.01492180939692964,
  "Stiffness": 0.004225995638282663,
  "Ticks": 0.01867554486330929,
  "Visible Mites": 0.014681305068856178,
  "Vomiting": 0.019171641443939215,
  "Weakness": 0.01356612084121203,
  "Weight Gain": 0.0018774980720071693,
  "Weight Loss": 0.02163249840572681,
  "Worms in Stool": 0.03128854781177804
}