{
  "Blood in Urine": 0.025272252269228287,
  "Bluish Gums": 0.04925008497397126,
  "Bruising": 0.014303119372702523,
  "Collapse": 0.08650265109649617,
  "Coughing": 0.059554480378682106,
  "Dark Urine": 0.060308659491459714,
  "Difficulty Breathing": 0.021562524909286528,
  "Distended Abdomen": 0.09673187152201755,
  "Excessive Bleeding": 0.03203085590717397,
  "Exercise Intolerance": 0.026896892224258406,
  "Fainting": 0.07604833596329917,
  "Fatigue": 0.012527041030383481,
  "Jaundice": 0.015137314495240348,
  "Lethargy": 0.029355401910975673,
  "Nosebleeds": 0.011774100703756838,
  "Pale Gums": 0.032788954314786165,
  "Petechiae": 0.039342868532472125,
  "Rapid Breathing": 0.024210439676124105,
  "Rapid Heart Rate": 0.014399104912336948,
  "Stunted Growth": 0.09250930885794716,
  "Weakness": 0.06314381175274905,
  "Weight Loss": 0.11634992570465266
}