{
  "Abdominal Pain": 0.020909285464436527,
  "Aggression": 0.01655871926933964,
  "Anxiety": 0.003990109811165594,
  "Breathing Difficulty": 0.07127839090192434,
  "Confusion": 0.012742719756525073,
  "Coughing": 0.030616714700548796,
  "Decreased Appetite": 0.016513860415984866,
  "Dehydration": 0.016357496399895664,
  "Depression": 0.017931673666087944,
  "Diarrhea": 0.02831302017819863,
  "Difficulty Breathing": 0.03734245942038506,
  "Difficulty Swallowing": 0.0048116506854250065,
  "Excessive Crying": 0.03353428252492385,
  "Excessive Drooling": 0.01764554979993941,
  "Eye Discharge": 0.010627906769944401,
  "Eye Inflammation": 0.02358785658414666,
  "Fearfulness": 0.01111145534826077,
  "Fever": 0.0455388593751369,
  "Gagging": 0.03952670900561352,
  "Hypothermia": 0.03786782070702741,
  "Irritability": 0.040165368936355667,
  "Jaundice": 0.023371335542249724,
  "Lethargy": 0.0035407049367995576,
  "Light Sensitivity": 0.00505248960547597,
  "Loss of Appetite": 0.04985841841744817,
  "Muscle Paralysis": 0.01875630868168665,
  "Muscle Twitching": 0.02696060311983772,
  "Nasal Discharge": 0.019640982976541016,
  "Petechiae on Skin": 0.01287926719099303,
  "Restlessness": 0.00045691655065441267,
  "Retching": 0.045444927412388834,
  "Seizures": 0.04126875937033003,
  "Sneezing": 0.01786723360280359,
  "Sound Sensitivity": 0.00400106642187287,
  "Spontaneous Bleeding": 0.01906975678101192,
  "Staggering": 0.03090750032189731,
  "Swelling": 0.011003783416898987,
  "Thirst": 0.0059987295289046505,
  "Unusual Behavior": 0.001649859317402123,
  "Vomiting": 0.03717736702227152,
  "Weakness": 0.012922620355073562,
  "Weight Loss": 0.04627550154142685,
  "Yellow Gums": 0.015769078305036835,
  "Yellow Skin": 0.013154879859728725
}