{
  "Abdominal Pain": 0.020278620739999247,
  "Aggression": 0.011299159237588735,
  "Anxiety": 0.002831764397415802,
  "Breathing Difficulty": 0.07495575969343922,
  "Confusion": 0.009646565738840441,
  "Coughing": 0.032219240354078006,
  "Decreased Appetite": 0.017379784277892944,
  "Dehydration": 0.020036334253266355,
  "Depression": 0.019013390796691582,
  "Diarrhea": 0.034144324987394684,
  "Difficulty Breathing": 0.03967407876879131,
  "Difficulty Swallowing": 0.0030857445837420678,
  "Excessive Crying": 0.03650126206934205,
  "Excessive Drooling": 0.01440492811740354,
  "Eye Discharge": 0.013593769751574772,
  "Eye Inflammation": 0.022742209840432424,
  "Fearfulness": 0.007842399563668896,
  "Fever": 0.04746734184196969,
  "Gagging": 0.04607286883052524,
  "Hypothermia": 0.03326380002176928,
  "Irritability": 0.03181244676636713,
  "Jaundice": 0.024366714117482435,
  "Lethargy": 0.0047326272191340925,
  "Light Sensitivity": 0.003424106019258721,
  "Loss of Appetite": 0.06310585535435186,
  "Muscle Paralysis": 0.013610352179694562,
  "Muscle Twitching": 0.026917522198367336,
  "Nasal Discharge": 0.018529322694362887,
  "Petechiae on Skin": 0.014820945525511282,
  "Restlessness": 0.0003284237036988872,
  "Retching": 0.046184425064176055,
  "Seizures": 0.039950370928078426,
  "Sneezing": 0.016708974612466603,
  "Sound Sensitivity": 0.002985254140980598,
  "Spontaneous Bleeding": 0.020773236053724994,
  "Staggering": 0.022619113995165998,
  "Swelling": 0.010685544416421786,
  "Thirst": 0.006771579536943547,
  "Unusual Behavior": 0.0011518794287413052,
  "Vomiting": 0.03302435161502021,
  "Weakness": 0.015626998527593503,
  "Weight Loss": 0.0484216506755132,
  "Yellow Gums": 0.013795044606727293,
  "Yellow Skin": 0.013199912754391153
}