{
  "Abdominal Pain": 0.027548465360110436,
  "Abnormal Breeding Behavior": 0.02251235282928743,
  "Abscesses": 0.010587088870627405,
  "Back Pain": 0.024810395737565872,
  "Bad Breath": 0.021278373379398502,
  "Bleeding": 0.016448113960132283,
  "Bloating": 0.03703521548254369,
  "Breathing Difficulty": 0.01732057369942477,
  "Coughing": 0.05628595593274181,
  "Decreased Appetite": 0.02558114635417363,
  "Dehydration": 0.006573370745780903,
  "Depression": 0.021587203145757915,
  "Diarrhea": 0.03474068312712294,
  "Difficulty Breathing": 0.040426596343854454,
  "Difficulty Eating": 0.011193046812179207,
  "Difficulty Walking": 0.017941434681538308,
  "Draining Wounds": 0.046897362502674435,
  "Enlarged Lymph Nodes": 0.020387141199842022,
  "Enlarged Testicles": 0.015377808174999664,
  "Eye Discharge": 0.024774855057792998,
  "Facial Swelling": 0.028887633468830068,
  "Fever": 0.047759785313627574,
  "Increased Thirst": 0.031860306208701394,
  "Increased Urination": 0.016377434701542452,
  "Jaundice": 0.012909592997481392,
  "Joint Pain": 0.015632053872958688,
  "Lameness": 0.02275047270162352,
  "Lethargy": 0.0059171898602610835,
  "Loss of Appetite": 0.03896068565458687,
  "Muscle Pain": 0.023919300242573015,
  "Nasal Discharge": 0.03133461518298362,
  "Nosebleeds": 0.03513894589171134,
  "Shivering": 0.022236682905645323,
  "Swelling at Infection Site": 0.014543807468089401,
  "Swollen Joints": 0.03520797088820341,
  "Swollen Lymph Nodes": 0.01884087627366883,
  "Vaginal Discharge": 0.02781203377354707,
  "Vomiting": 0.038749838317679954,
  "Weakness": 0.02404240335153793,
  "Weight Loss": 0.0078111875271983855
}