{
  "Abdominal Discomfort": 0.011609555626153461,
  "Anemia": 0.024168600430798524,
  "Breathing Difficulty": 0.01737420202739189,
  "Coughing": 0.03044088961610053,
  "Dandruff": 0.05643365481832025,
  "Dark Stool": 0.011828076858321152,
  "Dark Urine": 0.021658518031336355,
  "Dehydration": 0.036292328312392416,
  "Diarrhea": 0.020101051437688467,
  "Difficulty Standing": 0.003409629952135987,
  "Difficulty Walking": 0.005202923986855084,
  "Dull Coat": 0.010141598587086173,
  "Ear Discharge": 0.016959552596978483,
  "Ear Odor": 0.022875022170237815,
  "Ear Scratching": 0.01039704886597731,
  "Excessive Scratching": 0.014666206509633068,
  "Exercise Intolerance": 0.020435436704621276,
  "Fatigue": 0.021384297391888407,
  "Fever": 0.019490731146501433,
  "Flea Dirt": 0.034373025603394364,
  "Fleas": 0.0282389174937066,
  "Hair Loss": 0.009174109667558949,
  "Head Shaking": 0.012272397842213725,
  "Increased Appetite": 0.01777622884473279,
  "Inflammation": 0.0033435131340614492,
  "Itching": 0.012367490210149781,
  "Jaundice": 0.018321603556634085,
  "Joint Swelling": 0.007429099572611423,
  "Lameness": 0.013708913050172985,
  "Lethargy": 0.010424158580129012,
  "Loss of Appetite": 0.02366931642161962,
  "Muscle Weakness": 0.0018059760405363613,
  "Neurological Signs": 0.01184421229408369,
  "Osteoarthritis": 0.002307076551876734,
  "Pain": 0.00647205000438549,
  "Pale Gums": 0.012352670528334556,
  "Paralysis": 0.021684656571884207,
  "Poor Growth": 0.02884899646778759,
  "Pot-Belly": 0.015649185761217706,
  "Redness": 0.009083937208039409,
  "Reduced Activity": 0.006902988398195563,
  "Restlessness": 0.014194781547894136,
  "Scooting": 0.019363575604748457,
  "Skin Inflammation": 0.016637358492119853,
  "Skin Irritation": 0.027029279684025298,
  "Skin Scaling": 0.024838719669927078,
  "Skin Thickening": 0.06385649892195132,
  "Sores": 0.017962591511803634,
  "Stiffness": 0.009527857723012338,
  "Ticks": 0.012816779242802605,
  "Visible Mites": 0.03247625052420267,
  "Vomiting": 0.020611447899303435,
  "Weakness": 0.01027593827310801,
  "Weight Gain": 0.0026461345022166533,
  "Weight Loss": 0.018119578812814736,
  "Worms in Stool": 0.026723358716325772
}