{
  "Back Stiffness": 0.024738637830043972,
  "Bleeding Gums": 0.0015364841611466883,
  "Bunny Hopping": 0.028060136009071777,
  "Difficulty Moving Elbow": 0.017568186497706875,
  "Difficulty Opening Mouth": 0.005207737018524839,
  "Difficulty Rising": 0.028058984447622008,
  "Difficulty Running": 0.01780484998781847,
  "Difficulty Standing": 0.0476078323370776,
  "Difficulty Walking": 0.03048557063163696,
  "Excessive Bleeding from Minor Wounds": 0.0009285275107480498,
  "Fever": 0.02755150322375938,
  "Forelimb Lameness": 0.06119615701301977,
  "Hindlimb Lameness": 0.046630996245430156,
  "Hip Pain": 0.04169380597123202,
  "Intermittent Lameness": 0.016885833747139086,
  "Intermittent Limping": 0.038359725943974084,
  "Jaw Pain": 0.015267298699733927,
  "Joint Swelling": 0.04076999512549751,
  "Lameness": 0.027007756732640754,
  "Lethargy": 0.04777170612965989,
  "Limb Swelling": 0.02303493273704096,
  "Loss of Muscle Mass": 0.03179532404884057,
  "Muscle Atrophy": 0.010004776292273379,
  "Muscle Swelling": 0.009029865190997168,
  "Nosebleeds": 0.0026924975947729677,
  "Pain": 0.03826020679085903,
  "Prolonged Bleeding After Surgery or Injury": 0.0012291868041964915,
  "Reduced Activity": 0.025572936951617914,
  "Reduced Appetite": 0.008829471313574032,
  "Reduced Flexibility": 0.03960616524380946,
  "Reluctance to Move": 0.02444441410381047,
  "Shifting Leg Lameness": 0.054487139615799554,
  "Skipping Gait": 0.012898572456302996,
  "Stiffness": 0.029684556273394693,
  "Sudden Carrying of Leg": 0.04929157503445603,
  "Sunken Eyes": 0.007700712472372262,
  "Waddling Gait": 0.030357132716944263,
  "Weight Gain": 0.023160624193936233,
  "Weight Loss": 0.012788184901517825
}