{
  "Bad Breath": 0.006125501088122238,
  "Bleeding Gums": 0.05823651427927978,
  "Decreased Appetite": 0.035755568824982986,
  "Discolored Teeth": 0.016673087768190265,
  "Drooling": 0.04800620948755689,
  "Dropping Food": 0.010162823007796352,
  "Excessive Drooling": 0.012902887107213603,
  "Facial Swelling": 0.029565445795929457,
  "Inflamed Gums": 0.19521797393318013,
  "Loose Teeth": 0.182137285287935,
  "Nasal Discharge": 0.0029780354491246324,
  "Oral Pain": 0.20296929006070197,
  "Pawing at Face": 0.014993893028164885,
  "Red Gums": 0.015463259535079613,
  "Reduced Appetite": 0.00524410525510558,
  "Reluctance to Chew": 0.017639476097336085,
  "Swelling Below Eye": 0.016227358796897833,
  "Swollen Gums": 0.07479564510730748,
  "Weight Loss": 0.05490564009009525
}