{
  "Behavioral Changes": 0.07484793741767762,
  "Blindness": 0.025076464977957215,
  "Circling": 0.022240406207524058,
  "Confusion Post-Seizure": 0.032728889451689856,
  "Coordination Issues": 0.02495225622802738,
  "Difficulty Breathing": 0.02542439189437259,
  "Difficulty Rising": 0.013425145926296508,
  "Difficulty Walking": 0.019203422228260415,
  "Disorientation": 0.01709054981386521,
  "Drooling": 0.01225876757032022,
  "Facial Abnormalities": 0.028244797561789534,
  "Falling Over": 0.019851267762614182,
  "Foot Dragging": 0.03975313131169545,
  "Head Shaking": 0.02601513097280164,
  "Head Tilt": 0.03100058132400864,
  "Head Tremors": 0.00899688862067846,
  "Hind Limb Atrophy": 0.0033074714326133616,
  "Hunched Back": 0.018775515923741156,
  "Incontinence": 0.0073396216848513095,
  "Lameness": 0.015831955645920447,
  "Lethargy": 0.0258079354891496,
  "Loss of Appetite": 0.01185276733597026,
  "Loss of Consciousness": 0.05898418388025228,
  "Loss of Coordination": 0.015604391142424165,
  "Loss of Reflexes": 0.012488146664165294,
  "Muscle Atrophy": 0.002508372875025288,
  "Muscle Twitching": 0.047025667648887916,
  "Neck Pain": 0.045792282698257594,
  "Pain": 0.010238707987080714,
  "Pain in Lower Back": 0.012327330707930592,
  "Paralysis": 0.020952538651006276,
  "Scratching at Air": 0.011625262953156478,
  "Scratching at Neck": 0.030538860596321552,
  "Seizures": 0.05030301084796779,
  "Sensitivity to Touch": 0.01290087458117397,
  "Sensory Deficits": 0.01781006193707659,
  "Stiffness": 0.00631909937608179,
  "Tail Paralysis": 0.027437772669469812,
  "Tremors": 0.010794230476789754,
  "Unsteadiness": 0.025432949319712784,
  "Unsteady Gait": 0.027437806700527652,
  "Unusual Eye Movements": 0.005449395927985463,
  "Voice Changes": 0.010370505594772596,
  "Weakness": 0.0098306482370817,
  "Wide-Legged Stance": 0.004152470631946658,
  "Wobbling": 0.005145998549195607,
  "Wobbly Gait": 0.008942898312222782,
  "Worn Toenails": 0.0055612342516617235
}