{
  "Back Stiffness": 0.02581188863580864,
  "Bleeding Gums": 0.0026776833394450018,
  "Bunny Hopping": 0.021376744675701834,
  "Difficulty Moving Elbow": 0.019929287784082993,
  "Difficulty Opening Mouth": 0.00909233887319427,
  "Difficulty Rising": 0.02559077812206656,
  "Difficulty Running": 0.010849037347187356,
  "Difficulty Standing": 0.031022712255856625,
  "Difficulty Walking": 0.03862119660634389,
  "Excessive Bleeding from Minor Wounds": 0.0014899227141141856,
  "Fever": 0.04864877319416823,
  "Forelimb Lameness": 0.05808675219712653,
  "Hindlimb Lameness": 0.03090470478493365,
  "Hip Pain": 0.04084783276857141,
  "Intermittent Lameness": 0.01699887407839531,
  "Intermittent Limping": 0.02560903981544616,
  "Jaw Pain": 0.024918003391793817,
  "Joint Swelling": 0.05318804168228836,
  "Lameness": 0.03217125178451434,
  "Lethargy": 0.030824243963107956,
  "Limb Swelling": 0.04711405215737102,
  "Loss of Muscle Mass": 0.026776004244034778,
  "Muscle Atrophy": 0.011556496108863827,
  "Muscle Swelling": 0.016683277744990038,
  "Nosebleeds": 0.0043101994803376,
  "Pain": 0.03570850126068667,
  "Prolonged Bleeding After Surgery or Injury": 0.002126305412306336,
  "Reduced Activity": 0.024317443436279257,
  "Reduced Appetite": 0.014034727046435514,
  "Reduced Flexibility": 0.037536910555725896,
  "Reluctance to Move": 0.04377338852353636,
  "Shifting Leg Lameness": 0.05640061403982199,
  "Skipping Gait": 0.007292854128192106,
  "Stiffness": 0.033351622751368555,
  "Sudden Carrying of Leg": 0.03195041763210254,
  "Sunken Eyes": 0.014426280084401806,
  "Waddling Gait": 0.01917040081425299,
  "Weight Gain": 0.012504943649215748,
  "Weight Loss": 0.01230645291592999
}