{
  "Abdominal Pain": 0.013607863810742112,
  "Aggression": 0.0016912924538848378,
  "Bad Breath": 0.020673868751359518,
  "Bad Odor": 0.0027927283399227193,
  "Bleeding gums": 0.009744308722260795,
  "Bloating": 0.012949093707704782,
  "Blood in urine": 0.0055229367047916825,
  "Breathing difficulty": 0.009054424298721463,
  "Chattering jaw": 0.010094357000931984,
  "Collapse": 0.0028453268570024317,
  "Confusion": 0.0012933431413882982,
  "Coughing": 0.013812276586004698,
  "Dehydration": 0.0253159590934276,
  "Diarrhea": 0.02491159293592019,
  "Difficulty breathing": 0.01549030697122747,
  "Difficulty eating": 0.022070507914217937,
  "Difficulty jumping": 0.018231013418689913,
  "Difficulty moving": 0.005687941367456892,
  "Difficulty swallowing": 0.0032436167381195884,
  "Disorientation": 0.0006450766304281076,
  "Draining wounds": 0.0023885854851380534,
  "Drooling": 0.01843686270242237,
  "Dropping food": 0.016277550503334834,
  "Dull coat": 0.006648567196745884,
  "Excessive drooling": 0.005082504700239047,
  "Eye discharge": 0.013296967188009217,
  "Eye redness": 0.011695902384614393,
  "Falling Over": 0.002205090135845627,
  "Fever": 0.026139213445674863,
  "Foul odor from wound": 0.0037767554501728627,
  "Frequent urination": 0.021323859135330695,
  "Gas": 0.01074772980259471,
  "Gum recession": 0.013289172198126427,
  "Hair loss": 0.0058330860046886465,
  "Head tremors": 0.0017965051023843357,
  "Hiding": 0.0031390163275295223,
  "Increased appetite": 0.022185909511475425,
  "Increased thirst": 0.019787117450633773,
  "Irritability": 0.00792129882596095,
  "Itching": 0.0016992891191687685,
  "Jaundice": 0.010941490702668925,
  "Less grooming": 0.012844706342882824,
  "Lethargy": 0.018988858017476257,
  "Licking genitals": 0.0051937842658710594,
  "Limping": 0.009257434397786785,
  "Loose teeth": 0.020143981836496173,
  "Loss of appetite": 0.018109998199132733,
  "Mouth pain": 0.014048527475448635,
  "Mouth ulcers": 0.020810059665381894,
  "Mucus in stool": 0.015258376730959979,
  "Nasal discharge": 0.011186871015642216,
  "Nosebleeds": 0.0030446633523682565,
  "Pain": 0.004226066239378023,
  "Pain when touched": 0.006614342321923964,
  "Painful chewing": 0.015209573400950211,
  "Painful urination": 0.010457415847373988,
  "Pale gums": 0.01438548579175403,
  "Panting": 0.004009902049186436,
  "Paralysis": 6.211420957902996e-05,
  "Pawing at mouth": 0.014399357033301308,
  "Poor coat": 0.021251324553542245,
  "Pus or discharge": 0.006785708898673685,
  "Rapid breathing": 0.010342916224805737,
  "Red gums": 0.021437851176791967,
  "Reluctance to move": 0.00286142465945667,
  "Scabs": 0.0025186344019363462,
  "Scooting": 0.01597819605824592,
  "Segments in stool": 0.022269442216848657,
  "Seizures": 0.004002912357500779,
  "Skin lumps": 0.00207770217531188,
  "Skin redness": 0.0005535403481934726,
  "Skin wounds": 0.0027419472136663656,
  "Skipping Gait": 0.004804916904261616,
  "Sneezing": 0.018239806194341117,
  "Soft stool": 0.0103434770917235,
  "Squinting": 0.013885791721973182,
  "Stiffness": 0.004895889569928042,
  "Sudden behavior changes": 0.0013598873689467912,
  "Sudden collapse": 0.0071186929915999396,
  "Sudden leg stretching": 0.0016486727879315127,
  "Swelling": 0.009170340529904937,
  "Swelling face": 0.015116829262896883,
  "Swollen belly": 0.01476228265487365,
  "Swollen gums": 0.01696091177496376,
  "Swollen joints": 0.015275239086262531,
  "Swollen lymph nodes": 0.001889364821886162,
  "Thickened skin": 0.0015350509279889444,
  "Uncoordinated movement": 0.002888424133447835,
  "Unsteadiness": 0.0062079694898864975,
  "Vomiting": 0.027936598424912223,
  "Weakness": 0.016578981154292,
  "Weight loss": 0.016386146051276158,
  "Wobbling": 0.004654161239400023,
  "Worms in stool": 0.01297713852247268
}