{
  "Abdominal Discomfort": 0.00553402395960615,
  "Abdominal Pain": 0.009759140732493319,
  "Abnormal Breeding Behavior": 0.0052142840424872295,
  "Abnormal Posture": 0.004141125418979269,
  "Abscesses": 0.004256118649060919,
  "Aggression": 0.0036361636772347444,
  "Anemia": 0.010376477650546417,
  "Anxiety": 0.00019682513697312498,
  "Arched Back": 0.0036569959682594515,
  "Back Pain": 0.0030965789027973065,
  "Back Stiffness": 0.005059001311205891,
  "Bad Breath": 0.003981604515872371,
  "Behavioral Changes": 0.005658802749472149,
  "Bleeding": 0.003249943668410222,
  "Bleeding Gums": 0.0061139132588019915,
  "Blindness": 0.0025922916312233293,
  "Bloating": 0.0062700385429290476,
  "Blood in Urine": 0.005328705989929717,
  "Bluish Gums": 0.0029685368159321564,
  "Breathing Difficulty": 0.01235553768652468,
  "Bruising": 0.004634245840645098,
  "Bunny Hopping": 0.0037331750012955366,
  "Cataracts": 0.004333867214824394,
  "Circling": 0.004316418180143294,
  "Collapse": 0.003042895702275765,
  "Confusion": 0.0015836229055276553,
  "Confusion Post-Seizure": 0.00717180279083811,
  "Coordination Issues": 0.0010533201411047192,
  "Coughing": 0.014307315637567968,
  "Dandruff": 0.00720130922114215,
  "Dark Stool": 0.009164018687940822,
  "Dark Urine": 0.003739930045179174,
  "Decreased Appetite": 0.006307744897429583,
  "Dehydration": 0.007948036689168651,
  "Depression": 0.005766295466081231,
  "Diarrhea": 0.016011873180404437,
  "Difficulty Breathing": 0.012451620088133124,
  "Difficulty Chewing": 0.0011761432140354373,
  "Difficulty Eating": 0.0021074462207533048,
  "Difficulty Moving": 0.0027555820561152335,
  "Difficulty Moving Elbow": 0.002903291752933699,
  "Difficulty Opening Mouth": 0.0007217669608988282,
  "Difficulty Rising": 0.003928766573592226,
  "Difficulty Running": 0.003612339232654523,
  "Difficulty Standing": 0.011929512265487822,
  "Difficulty Swallowing": 0.002636038003217031,
  "Difficulty Urinating": 0.005664888948041363,
  "Difficulty Walking": 0.008447131947765009,
  "Discolored Teeth": 0.001192858249674667,
  "Disorientation": 0.004469488364557246,
  "Distended Abdomen": 0.013119738264949514,
  "Draining Wounds": 0.005000703690799554,
  "Drooling": 0.002164215867955931,
  "Dropping Food": 0.003499977966961726,
  "Dull Coat": 0.0045630762180198575,
  "Ear Discharge": 0.006185124740983958,
  "Ear Odor": 0.0024748508396813832,
  "Ear Scratching": 0.004576989484605547,
  "Edema (Swelling)": 0.0014703036726163373,
  "Enlarged Jaw": 0.0014833096593721534,
  "Enlarged Lymph Nodes": 0.005399467947458807,
  "Enlarged Testicles": 0.0029603276224688282,
  "Excessive Bleeding": 0.0017200195712769638,
  "Excessive Bleeding from Minor Wounds": 0.0002133999041132807,
  "Excessive Crying": 0.0036060946351014755,
  "Excessive Drooling": 0.001365223128149915,
  "Excessive Scratching": 0.003502801983681264,
  "Exercise Intolerance": 0.007162241286506263,
  "Eye Discharge": 0.007521573726873982,
  "Eye Inflammation": 0.0033186687363653015,
  "Facial Abnormalities": 0.0024610249017066703,
  "Facial Swelling": 0.003121315062264086,
  "Fainting": 0.0029069496291399075,
  "Falling Over": 0.0009610750517420508,
  "Fatigue": 0.0064949619309022455,
  "Fearfulness": 0.0032940603023032394,
  "Fever": 0.01471170837278408,
  "Flea Dirt": 0.01034698498531274,
  "Fleas": 0.01198654695286475,
  "Foot Dragging": 0.0013908258392269757,
  "Forelimb Lameness": 0.010488644990927422,
  "Frequent Urination": 0.0040706637654705615,
  "Gagging": 0.0053765518298308215,
  "Hair Loss": 0.0036037698419375485,
  "Head Shaking": 0.002517746210722446,
  "Head Tilt": 0.003672682473791643,
  "Head Tremors": 0.0005478543367252342,
  "Hind Limb Atrophy": 0.0007067996566464964,
  "Hindlimb Lameness": 0.010122350120745803,
  "Hip Pain": 0.006178652404533657,
  "Hunched Back": 0.00038288261099143683,
  "Hypothermia": 0.006361412285186035,
  "Incontinence": 0.0014830021780105108,
  "Increased Appetite": 0.0065824901718135485,
  "Increased Thirst": 0.009605674538420754,
  "Increased Urination": 0.007912496459317183,
  "Inflamed Gums": 0.0035663054827290226,
  "Inflammation": 0.0016049735823839483,
  "Intermittent Lameness": 0.004438722883169863,
  "Intermittent Limping": 0.007965621137709171,
  "Irritability": 0.007025970803616641,
  "Itching": 0.005141362723489339,
  "Jaundice": 0.005106835878751703,
  "Jaw Pain": 0.0019224375004150654,
  "Joint Pain": 0.0019570098636018667,
  "Joint Swelling": 0.008614150076160652,
  "Lameness": 0.007241684760505628,
  "Lethargy": 0.009659363746474758,
  "Light Sensitivity": 0.0019471043353525086,
  "Limb Swelling": 0.002229979272773886,
  "Loose Teeth": 0.012817988961054905,
  "Loss of Appetite": 0.014152231842129166,
  "Loss of Consciousness": 0.0072006326747031234,
  "Loss of Coordination": 0.001425083447138308,
  "Loss of Muscle Mass": 0.0077820700044721235,
  "Loss of Reflexes": 0.0014245232455376558,
  "Mouth Ulcers": 0.008712115247598129,
  "Muscle Atrophy": 0.0021504376495293147,
  "Muscle Pain": 0.005452461818981629,
  "Muscle Paralysis": 0.007357528683751404,
  "Muscle Swelling": 0.0019116645974557168,
  "Muscle Twitching": 0.006811154794542819,
  "Muscle Weakness": 0.0012965640185950147,
  "Nasal Discharge": 0.00682915501166018,
  "Nausea": 0.010768088291534385,
  "Neck Pain": 0.0068180020358005276,
  "Neurological Signs": 0.00213115019897965,
  "Nosebleeds": 0.006000654776383733,
  "Oral Pain": 0.009805873153008928,
  "Osteoarthritis": 0.00032549727800355334,
  "Pain": 0.00721037989273242,
  "Pain in Lower Back": 0.0012296476614009294,
  "Pale Gums": 0.004317790430416206,
  "Paralysis": 0.005882302574487651,
  "Pawing at Face": 0.0015037513231805578,
  "Petechiae": 0.006850717197525323,
  "Petechiae on Skin": 0.0018964897862347066,
  "Poor Growth": 0.007481263226067689,
  "Pot-Belly": 0.007901270243195029,
  "Prolonged Bleeding After Surgery or Injury": 0.00022484294870912894,
  "Proteinuria (Foamy Urine)": 0.001842527361284796,
  "Rapid Breathing": 0.005832155041873202,
  "Rapid Heart Rate": 0.0015892892193375581,
  "Recurrent Infections": 0.0050196615633655815,
  "Red Gums": 0.000984000067821879,
  "Redness": 0.0035381017606484775,
  "Reduced Activity": 0.005731503753441619,
  "Reduced Appetite": 0.0010599488545329071,
  "Reduced Flexibility": 0.005220031272121065,
  "Reluctance to Chew": 0.0008718030225015667,
  "Reluctance to Jump": 0.006280503947297584,
  "Reluctance to Move": 0.004116880522249524,
  "Restlessness": 0.002348506531225933,
  "Retching": 0.006132697856598884,
  "Scooting": 0.008767918787215069,
  "Scratching at Air": 0.0017979493816820667,
  "Scratching at Neck": 0.0016218889040004898,
  "Seizures": 0.007371318797369892,
  "Sensitivity to Touch": 0.0012665630213612093,
  "Sensory Deficits": 0.002498011209546614,
  "Shifting Leg Lameness": 0.005601569765596788,
  "Shivering": 0.0032170942380588697,
  "Skin Inflammation": 0.009690056060609598,
  "Skin Irritation": 0.004428429426373165,
  "Skin Scaling": 0.006415774822202827,
  "Skin Thickening": 0.01171295990749349,
  "Skipping Gait": 0.00586244892103879,
  "Sneezing": 0.006391735977325237,
  "Sores": 0.0028865295063670304,
  "Sound Sensitivity": 0.0029079586209374087,
  "Spontaneous Bleeding": 0.003131234070269322,
  "Staggering": 0.0009353376800811715,
  "Stiffness": 0.0065044387988725,
  "Stunted Growth": 0.008590450501935841,
  "Sudden Carrying of Leg": 0.004603520262023795,
  "Sunken Eyes": 0.000894455607499808,
  "Swelling": 0.0022622241176910593,
  "Swelling Below Eye": 0.000729412680947875,
  "Swelling at Infection Site": 0.0016981699871723153,
  "Swollen Gums": 0.000848026887048048,
  "Swollen Joints": 0.01385942855150528,
  "Swollen Lymph Nodes": 0.003448487192011183,
  "Tail Paralysis": 0.0009690256295674952,
  "Thirst": 0.0021394864422222297,
  "Ticks": 0.00490945754831843,
  "Tremors": 0.00041463275100375377,
  "Unsteadiness": 0.0016266513981412795,
  "Unsteady Gait": 0.0017990406347642852,
  "Unusual Behavior": 8.963848030443121e-05,